{"cameraMode":{"drawMode":0,"name":"Shaded","section":"Shading Mode"},"sceneLighting":true,"audioPlay":false,"sceneViewState":{"showFog":false,"showMaterialUpdate":false,"showSkybox":false,"showFlares":true,"showImageEffects":true,"showParticleSystems":true},"in2DMode":false,"pivot":{"x":215.55490112304688,"y":52.32048416137695,"z":4.8504638671875},"rotation":{"x":0.042635008692741397,"y":0.10769116878509522,"z":-0.004622594453394413,"w":0.9932604432106018},"size":367.97479248046877,"orthographic":false}